-- phpMyAdmin SQL Dump
-- version 4.7.0
-- https://www.phpmyadmin.net/
--
-- Host: 127.0.0.1
-- Generation Time: Nov 13, 2017 at 08:15 AM
-- Server version: 10.1.25-MariaDB
-- PHP Version: 7.1.7

SET SQL_MODE = "NO_AUTO_VALUE_ON_ZERO";
SET AUTOCOMMIT = 0;
START TRANSACTION;
SET time_zone = "+00:00";


/*!40101 SET @OLD_CHARACTER_SET_CLIENT=@@CHARACTER_SET_CLIENT */;
/*!40101 SET @OLD_CHARACTER_SET_RESULTS=@@CHARACTER_SET_RESULTS */;
/*!40101 SET @OLD_COLLATION_CONNECTION=@@COLLATION_CONNECTION */;
/*!40101 SET NAMES utf8mb4 */;

--
-- Database: `demo`
--

-- --------------------------------------------------------

--
-- Table structure for table `loaitin`
--

CREATE TABLE `loaitin` (
  `idLT` int(11) NOT NULL,
  `Ten` varchar(100) CHARACTER SET utf8 DEFAULT NULL,
  `Ten_KhongDau` varchar(255) CHARACTER SET utf8 DEFAULT NULL,
  `ThuTu` int(11) DEFAULT NULL,
  `AnHien` int(11) DEFAULT NULL,
  `idTL` int(11) NOT NULL
) ENGINE=InnoDB DEFAULT CHARSET=latin1;

--
-- Dumping data for table `loaitin`
--

INSERT INTO `loaitin` (`idLT`, `Ten`, `Ten_KhongDau`, `ThuTu`, `AnHien`, `idTL`) VALUES
(12, 'Tin vắn bóng đá', 'tin-van-bong-da', 1, 1, 30),
(13, 'Tennis', 'tennis', 2, 1, 30),
(14, 'Đua xe F1', 'dua-xe-f1', 3, 1, 30),
(15, 'Du lịch Việt Nam', 'du-lich-viet-nam', 4, 1, 29),
(16, 'Tin tức du lịch', 'tin-tuc-du-lich', 5, 1, 29),
(17, 'Điểm du lịch', 'diem-du-lich', 6, 1, 29),
(18, 'Món ngon mỗi ngày', 'mon-ngon-moi-ngay', 7, 1, 31),
(19, 'Nấu ăn ngon', 'nau-an-ngon', 8, 1, 31),
(20, 'Đặc sản 3 miền', 'dac-san-3-mien', 9, 1, 31),
(21, 'Âm nhạc và điện ảnh', 'am-nhac-va-dien-anh', 10, 1, 35);

-- --------------------------------------------------------

--
-- Table structure for table `theloai`
--

CREATE TABLE `theloai` (
  `idTL` int(11) NOT NULL,
  `TenTL` varchar(255) CHARACTER SET utf8 NOT NULL,
  `TenTL_KhongDau` varchar(255) CHARACTER SET utf8 COLLATE utf8_unicode_ci NOT NULL,
  `ThuTu` int(11) NOT NULL,
  `AnHien` int(11) NOT NULL
) ENGINE=InnoDB DEFAULT CHARSET=latin1;

--
-- Dumping data for table `theloai`
--

INSERT INTO `theloai` (`idTL`, `TenTL`, `TenTL_KhongDau`, `ThuTu`, `AnHien`) VALUES
(29, 'DU LỊCH', 'du-lich', 1, 1),
(30, 'THỂ THAO', 'the-thao', 2, 1),
(31, 'ẨM THỰC', 'am-thuc', 3, 1),
(32, 'CUỘC SỐNG ĐÓ ĐÂY', 'cuoc-song-do-day', 4, 1),
(33, 'XE & ĐỜI SỐNG', 'xe-doi-song', 5, 1),
(34, 'HOT', 'hot', 6, 1),
(35, 'GIẢI TRÍ', 'giai-tri', 7, 1),
(36, 'TÌNH YÊU VÀ SỰ NGHIỆP', 'tinh-yeu-va-su-nghiep', 8, 1);

-- --------------------------------------------------------

--
-- Table structure for table `tin`
--

CREATE TABLE `tin` (
  `id` int(11) NOT NULL,
  `TieuDe` varchar(255) CHARACTER SET utf8 NOT NULL,
  `TieuDe_KhongDau` varchar(255) CHARACTER SET utf8 NOT NULL,
  `TomTat` varchar(1000) CHARACTER SET utf8 NOT NULL,
  `urlHinh` varchar(255) CHARACTER SET utf8 NOT NULL,
  `Ngay` date NOT NULL,
  `idUser` int(11) NOT NULL,
  `Content` text CHARACTER SET utf8 NOT NULL,
  `idLT` int(11) NOT NULL,
  `idTL` int(11) NOT NULL,
  `SoLanXem` int(11) NOT NULL,
  `TinNoiBat` int(11) NOT NULL,
  `AnHien` int(11) NOT NULL
) ENGINE=InnoDB DEFAULT CHARSET=latin1;

--
-- Dumping data for table `tin`
--

INSERT INTO `tin` (`id`, `TieuDe`, `TieuDe_KhongDau`, `TomTat`, `urlHinh`, `Ngay`, `idUser`, `Content`, `idLT`, `idTL`, `SoLanXem`, `TinNoiBat`, `AnHien`) VALUES
(59, 'Chấn động hậu SEA Games', 'chan-dong-hau-sea-games', 'Chấn động hậu SEA Games: Tóm gọn VĐV cả gan dính doping', '1504581028-doping.jpg', '2017-09-11', 1, '<p><strong>SEA Games 29</strong>&nbsp;ch&iacute;nh thức kh&eacute;p lại v&agrave;o h&ocirc;m 30/8 tại Malaysia. Kh&ocirc;ng kh&iacute; Đại hội&nbsp;<a href=\"http://www.24h.com.vn/the-thao-c101.html\">thể thao</a>&nbsp;Đ&ocirc;ng Nam &Aacute; đ&atilde; lắng xuống, người ta bất ngờ&nbsp;khi giờ đ&acirc;y giải đấu khu vực&nbsp;lại &quot;n&aacute;o loạn&quot; bởi tin c&oacute; VĐV d&iacute;nh chất k&iacute;ch th&iacute;ch (doping). Được biết, theo th&ocirc;ng tin của tờ The Star (Malaysia), ng&ocirc;i sao thể thao khu vực đầu&nbsp;ti&ecirc;n ở SEA Games 29&nbsp;d&iacute;nh chất cấm l&agrave; người đ&atilde; gi&agrave;nh huy chương v&agrave; kh&ocirc;ng phải l&agrave; th&agrave;nh vi&ecirc;n&nbsp;của nước chủ nh&agrave; Malaysia..</p>\r\n\r\n<p><img alt=\"Chấn động hậu SEA Games: Tóm gọn VĐV cả gan dính doping - 1\" src=\"http://image.24h.com.vn/upload/3-2017/images/2017-09-05/1504581028-doping.jpg\" style=\"height:96px; width:165px\" /></p>\r\n\r\n<p>Tổng thư k&yacute; Ủy ban Olympic, b&agrave; Datuk Low Beng Choo tiết lộ tin sốc sau SEA Games 2017</p>\r\n\r\n<p>Tổng thư k&yacute; Ủy ban Olympic, b&agrave; Datuk Low Beng Choo đ&atilde; x&aacute;c nhận rằng họ đ&atilde; được Gi&aacute;m đốc Ủy ban Y tế v&agrave; chống doping của&nbsp;<a href=\"http://www.24h.com.vn/sea-games-29-c689.html\">SEA Games 29</a>, &ocirc;ng Datuk SS-Cheema, th&ocirc;ng b&aacute;o.</p>\r\n\r\n<p>Hầu như tất cả c&aacute;c VĐV gi&agrave;nh huy chương tại Đại hội vừa qua đều phải kiểm tra doping.&nbsp;Ủy ban cũng đ&atilde; l&agrave;m c&aacute;c b&agrave;i kiểm tra ngẫu nhi&ecirc;n trong suốt hai tuần thi đấu.</p>\r\n\r\n<p>B&agrave; Beng Choo cho biết: &quot;Ch&uacute;ng t&ocirc;i kh&ocirc;ng thể đưa ra th&ecirc;m chi tiết nhưng t&ocirc;i c&oacute; thể khẳng định rằng ch&uacute;ng t&ocirc;i đ&atilde; ph&aacute;t hiện ra trường hợp đầu ti&ecirc;n d&iacute;nh chất cấm ở SEA Games. Ch&uacute;ng t&ocirc;i rất thất vọng, v&igrave; ch&uacute;ng t&ocirc;i muốn SEA Games n&agrave;y kh&ocirc;ng bị vấy bẩn bởi chất k&iacute;ch th&iacute;ch. T&ocirc;i biết mọi người sẽ sốt ruột, song ch&uacute;ng t&ocirc;i chỉ c&oacute; thể tiết lộ th&ocirc;ng tin sau khi l&agrave;m mọi thủ tục cần thiết&quot;.</p>\r\n\r\n<p>&Ocirc;ng Datuk SS-Cheema tiếp lời: &quot;Ch&uacute;ng t&ocirc;i đ&atilde; l&agrave;m tất cả những g&igrave; c&oacute; thể để c&aacute;nh b&aacute;o với c&aacute;c vận động vi&ecirc;n của ch&uacute;ng t&ocirc;i th&ocirc;ng qua Uỷ ban Olympic quốc gia của NOC, nhưng ch&uacute;ng t&ocirc;i kh&ocirc;ng kiểm so&aacute;t được c&aacute;c nước kh&aacute;c&quot;.</p>\r\n\r\n<p>Quan chức ph&ograve;ng chống doping Malaysia tiếp tục tiết lộ: &quot;Tất cả những g&igrave; ch&uacute;ng t&ocirc;i biết l&agrave; một người đoạt huy chương tại SEA Games đ&atilde; dương t&iacute;nh với thuốc cấm dựa tr&ecirc;n mẫu A. Vận động vi&ecirc;n n&agrave;y sẽ c&oacute; thời gian để x&eacute;t nghiệm mẫu B v&agrave; một cuộc điều trần sẽ diễn ra sau đ&oacute;. Thủ tục n&agrave;y sẽ mất một thời gian&quot;.</p>\r\n\r\n<p>Những tiết lộ ban đầu&nbsp;của hai th&agrave;nh vi&ecirc;n thể thao Malaysia&nbsp;c&oacute; thể&nbsp;khiến một số VĐV&nbsp;gi&agrave;nh huy chương tại SEA Games run rẩy. Ở SEA Games 29 c&oacute; tổng cộng 1.334 huy chương được trao, ngoại trừ 323 VĐV của Malaysia, c&acirc;u hỏi liệu ai trong số hơn 1000&nbsp;VĐV kh&aacute;c đ&atilde; gi&agrave;nh huy chương li&ecirc;n quan đến vụ việc&nbsp;đang l&agrave; ẩn số. Quả l&agrave; kh&ocirc;ng dễ chịu khi phải chờ tới khi c&aacute;c quan chức c&ocirc;ng bố danh t&iacute;nh người d&iacute;nh doping.</p>\r\n', 12, 30, 29, 1, 1),
(60, 'Quá vui vì cầu hôn thành công', 'qua-vui-vi-cau-hon-thanh-cong', 'Quá vui vì cầu hôn thành công, chàng trai trượt chân rơi xuống biển chết', '1504757988-150468575695993-1.jpg', '2017-09-08', 1, '<p>Theo thông tin đăng tải, vào khoảng 4h sáng ngày 4/9, cảnh sát địa phương nhận được thông báo rằng, có một người đàn ông không may rơi xuống biển từ cây cầu Irabu - - cây cầu lớn nổi tiếng, nối liền đảo Miyako với đảo Irabu thuộc tỉnh Okinawa của Nhật Bản.</p>\r\n\r\n<p><img alt=\"Quá vui vì cầu hôn thành công, chàng trai trượt chân rơi xuống biển chết - 1\" src=\"http://image.24h.com.vn/upload/3-2017/images/2017-09-07/1504757988-150468575695993-1.jpg\" style=\"height:114px; width:150px\" /></p>\r\n\r\n<p>Cây cầu Irabu thuộc tỉnh Okinawa của Nhật Bản.</p>\r\n\r\n<p>Ngay lập tức, cảnh sát đã nhanh chóng triển khai các lực lượng cứu hộ tìm kiếm khẩn cấp. Sau hơn 7 tiếng đồng hồ tìm kiếm liên tục, cuối cùng chàng trai bất hạnh cũng được tìm thấy ở độ sâu 18m dưới biển.</p>\r\n\r\n<p>Được biết, chàng trai này 32 tuổi, đã ấp ủ ý tưởng cầu hôn bạn gái trên cây cầu lớn từ lâu. Ngày hôm đó, trước khi cầu hôn, anh đã uống rượu để lấy dũng khí. Sau khi cầu hôn thành công bạn gái lâu năm, chàng trai đã quá hạnh phúc, không kiểm soát được hành động của mình, nhảy ra ngoài lan can để vỗ tay ăn mừng.</p>\r\n\r\n<p>Chẳng ngờ, vì chếnh choáng, anh trượt chân rơi thẳng xuống biển. Vui quá hóa buồn, màn cầu hôn lãng mạn tưởng rằng kết thúc trong hạnh phúc ngập tràn, cuối cùng, chẳng ai ngờ nó lại kết thúc trong bi kịch và nước mắt.</p>\r\n\r\n<p><img alt=\"Quá vui vì cầu hôn thành công, chàng trai trượt chân rơi xuống biển chết - 2\" src=\"http://image.24h.com.vn/upload/3-2017/images/2017-09-07/1504757988-150468578343839-2.jpg\" style=\"height:83px; width:150px\" /></p>\r\n\r\n<p>Cảnh sát Nhật Bản tái tạo lại hiện trường bằng đồ họa vi tính.</p>\r\n\r\n<p>Sau khi thông tin được đăng tải, rất nhanh chóng đã gây xôn xao dư luận. Nhiều người bày tỏ sự cảm thông sâu sắc với nỗi đau mà cô gái trẻ phải gánh chịu. Đa số mọi người đều cho rằng sự mất mát mà chàng trai để lại cho bạn gái và người thân mình là quá lớn.</p>\r\n', 16, 29, 54, 1, 1),
(62, 'Ngày mưa bão, vợ mà nấu thực đơn này chồng chỉ có vét sạch nồi cơm', 'ngay-mua-bao-vo-ma-nau-thuc-don-nay-chong-chi-co-vet-sach-noi-com', 'Ngày mưa bão chỉ cần có món thịt rang cháy cạnh, thêm bát dưa cà và rau muống xào đảm bảo nồi cơm nhà bạn sẽ \"thủng nồi, trôi rế\".', '1505443945-150544393463116-untitled-1.jpg', '2017-09-18', 1, '<p>Thực đơn nh&agrave; m&igrave;nh h&ocirc;m nay gồm c&aacute;c m&oacute;n:</p>\r\n\r\n<p><em>- Thịt rang ch&aacute;y cạnh</em></p>\r\n\r\n<p><em>- Đậu r&aacute;n</em></p>\r\n\r\n<p><em>- Canh ngao nấu ri&ecirc;u</em></p>\r\n\r\n<p><em>- Rau muống x&agrave;o</em></p>\r\n\r\n<p><em>- C&agrave; muối</em></p>\r\n\r\n<p><strong>1. Thịt rang ch&aacute;y cạnh</strong></p>\r\n\r\n<p><strong>Nguy&ecirc;n liệu:</strong></p>\r\n\r\n<p>- 600g thịt ba chỉ</p>\r\n\r\n<p>- 4 t&eacute;p tỏi băm sẵn</p>\r\n\r\n<p>- 3 l&aacute;t gừng</p>\r\n\r\n<p>- 2 nh&aacute;nh h&agrave;nh l&aacute; đ&atilde; th&aacute;i miếng khoảng 4~5cm</p>\r\n\r\n<p>- 1 th&igrave;a to đường trắng</p>\r\n\r\n<p>- 2,5 th&igrave;a to x&igrave; dầu</p>\r\n\r\n<p>- 2,5 th&igrave;a to rượu gạo</p>\r\n\r\n<p>- 1 quả ớt</p>\r\n\r\n<p><img alt=\"Ngày mưa bão, vợ mà nấu thực đơn này chồng chỉ có vét sạch nồi cơm - 2\" src=\"http://image.24h.com.vn/upload/3-2017/images/2017-09-15/1505443528-150544342784724-1495519134-149551890580913-1.jpg\" style=\"height:133px; width:200px\" /></p>\r\n\r\n<p>&nbsp;</p>\r\n\r\n<p>&nbsp;</p>\r\n\r\n<p><strong>2. Đậu r&aacute;n&nbsp;</strong></p>\r\n\r\n<p>Đậu r&aacute;n l&agrave; m&oacute;n ăn kh&aacute; nhiều người ưa th&iacute;ch, nhất l&agrave; khi n&oacute; c&ograve;n trở th&agrave;nh m&oacute;n ăn lai rai của c&aacute;c &ocirc;ng x&atilde; với bạn b&egrave; đầu c&aacute;c bữa nhậu. Đậu r&aacute;n ăn với rau kinh giới rồi chấm với x&igrave; dầu c&oacute; pha tỏi ớt th&igrave; chẳng c&ograve;n g&igrave; ngon bằng. Tuy nhi&ecirc;n, kh&acirc;u r&aacute;n đậu cũng khiến nhiều người e ngại bởi l&uacute;c r&aacute;n, đậu dễ bị d&iacute;nh chảo rồi vỡ n&aacute;t khi lấy ch&uacute;ng ra do nhiều người kh&ocirc;ng th&iacute;ch sử dụng chảo chống d&iacute;nh.</p>\r\n\r\n<p><img alt=\"Ngày mưa bão, vợ mà nấu thực đơn này chồng chỉ có vét sạch nồi cơm - 3\" src=\"http://image.24h.com.vn/upload/3-2017/images/2017-09-15/1505443529-150544342790350-1481780717-1481601166-1.jpg\" style=\"height:112px; width:200px\" /></p>\r\n\r\n<p>V&igrave; thế, để việc r&aacute;n đậu được trở n&ecirc;n dễ d&agrave;ng, đậu r&aacute;n v&agrave;ng ươm, gi&ograve;n ngon, kh&ocirc;ng s&aacute;t chảo, chị em c&oacute; thể tham khảo&nbsp;<a href=\"http://www.24h.com.vn/am-thuc/meo-ran-dau-vang-gion-khong-dinh-sat-c460a840777.html\">c&aacute;c mẹo r&aacute;n đậu&nbsp;v&agrave;ng gi&ograve;n, kh&ocirc;ng d&iacute;nh s&aacute;t&nbsp;tại đ&acirc;y</a>.</p>\r\n\r\n<p><strong>3. Canh ngao nấu ri&ecirc;u</strong></p>\r\n\r\n<p><strong>Nguy&ecirc;n liệu:</strong></p>\r\n\r\n<p>-&nbsp;Ngao: 1kg</p>\r\n\r\n<p>-&nbsp;C&agrave; chua: 2 quả</p>\r\n\r\n<p>-&nbsp;H&agrave;nh t&iacute;m, rau răm, h&agrave;nh l&aacute;</p>\r\n\r\n<p>-&nbsp;Gia vị: Muối, ti&ecirc;u, bột ngọt, bột n&ecirc;m, gia vị ho&agrave;n chỉnh, dầu ăn</p>\r\n\r\n<p>&nbsp;</p>\r\n\r\n<p><img alt=\"Ngày mưa bão, vợ mà nấu thực đơn này chồng chỉ có vét sạch nồi cơm - 4\" src=\"http://image.24h.com.vn/upload/3-2017/images/2017-09-15/1505443529-150544342732285-1459010269-canh-ngao-nau-chua.jpg\" style=\"height:154px; width:200px\" /></p>\r\n\r\n<p>&nbsp;</p>\r\n\r\n<p><strong>4. Rau muống x&agrave;o</strong></p>\r\n\r\n<p><strong>Nguy&ecirc;n liệu:</strong></p>\r\n\r\n<p>- 1 mớ rau muống</p>\r\n\r\n<p>- 30ml dầu</p>\r\n\r\n<p>- 4 l&aacute;t gừng</p>\r\n\r\n<p>- 5 t&eacute;p tỏi, băm nhỏ</p>\r\n\r\n<p>- 45ml sốt XO (c&oacute; thể thay bằng kho quẹt hoặc sa tế)</p>\r\n\r\n<p>- 1g đường</p>\r\n\r\n<p>- 3g muối</p>\r\n\r\n<p><img alt=\"Ngày mưa bão, vợ mà nấu thực đơn này chồng chỉ có vét sạch nồi cơm - 6\" src=\"http://image.24h.com.vn/upload/3-2017/images/2017-09-15/1505443529-150544342740785-1495538772-149546223197072-rau-muong-xao-05.jpg\" style=\"height:200px; width:301px\" /></p>\r\n\r\n<p><strong>5. C&agrave; muối</strong></p>\r\n\r\n<p><strong>Nguy&ecirc;n liệu:</strong></p>\r\n\r\n<p>- 1 kg c&agrave; ph&aacute;o</p>\r\n\r\n<p>- 50g riềng</p>\r\n\r\n<p>- 20g tỏi</p>\r\n\r\n<p>- 100g muối</p>\r\n\r\n<p>- 2 th&igrave;a c&agrave; ph&ecirc; đường</p>\r\n\r\n<p><img alt=\"Ngày mưa bão, vợ mà nấu thực đơn này chồng chỉ có vét sạch nồi cơm - 7\" src=\"http://image.24h.com.vn/upload/3-2017/images/2017-09-15/1505443529-150544342741081-1493899173-cach-muoi-ca-phao-gion-ngon-hap-dan-cach-muoi-ca-phao-gion-ngon-tai-nha-11-1492513714-width500height375.jpg\" style=\"height:150px; width:200px\" /></p>\r\n\r\n<p>theo t&ocirc;i !</p>\r\n', 18, 31, 5, 0, 1),
(63, 'Gợi ý mâm cỗ mặn thơm ngon, đẹp mắt cúng Rằm tháng Bảy', 'goi-y-mam-co-man-thom-ngon-dep-mat-cung-ram-thang-bay', 'Bạn có thể làm mâm cỗ cúng Rằm tháng Bảy theo khẩu vị của gia đình, chủ yếu là tấm lòng thành tâm kính dâng lên tổ tiên.', '1504342876-150434280720668-untitled-1.jpg', '2017-09-18', 1, '<p>M&acirc;m cỗ c&uacute;ng Rằm th&aacute;ng Bảy gồm c&aacute;c m&oacute;n:&nbsp;</p>\r\n\r\n<p><em>- G&agrave; luộc</em></p>\r\n\r\n<p><em>- X&ocirc;i trắng&nbsp;</em></p>\r\n\r\n<p><em>- Chả gi&ograve; rế</em></p>\r\n\r\n<p><em>- Gi&ograve; lụa</em></p>\r\n\r\n<p><em>- &nbsp;Miến g&agrave;</em></p>\r\n\r\n<p><em>- Canh sườn b&iacute; đao</em></p>\r\n\r\n<p><strong>1. G&agrave; luộc, x&ocirc;i</strong></p>\r\n\r\n<p>&nbsp;</p>\r\n\r\n<p><img alt=\"Gợi ý mâm cỗ mặn thơm ngon, đẹp mắt cúng Rằm tháng Bảy - 2\" src=\"http://image.24h.com.vn/upload/3-2017/images/2017-09-02/1504342876-150434198953955-1503663591-15036628637028-galuoc01.jpg\" style=\"height:465px; width:350px\" /></p>\r\n\r\n<p>G&agrave; luộc v&agrave; x&ocirc;i trắng</p>\r\n\r\n<p><strong>Nguy&ecirc;n liệu:</strong></p>\r\n\r\n<p><strong>*G&agrave; luộc:</strong></p>\r\n\r\n<p>- G&agrave;: 1 con (khoảng 1 đến 1,2 kg)</p>\r\n\r\n<p>- Nước: 3 l&iacute;t (hoặc chỉ &nbsp;vừa đủ nước để ngập mặt g&agrave;)</p>\r\n\r\n<p>- Gừng: 5-6 L&aacute;t</p>\r\n\r\n<p>- L&aacute; dứa: 4 l&aacute; (gấp th&agrave;nh 1 b&oacute;)</p>\r\n\r\n<p>- H&agrave;nh l&aacute;: 1 b&oacute;</p>\r\n\r\n<p>- Một chậu nước đ&aacute;</p>\r\n\r\n<p>- Dầu m&egrave;: 2 th&igrave;a canh</p>\r\n\r\n<p>- Dưa chuột: 1 củ</p>\r\n\r\n<p>- Rau m&ugrave;i: 1 b&oacute;</p>\r\n\r\n<p>- L&aacute; chanh: 8 l&aacute;</p>\r\n\r\n<p><img alt=\"Gợi ý mâm cỗ mặn thơm ngon, đẹp mắt cúng Rằm tháng Bảy - 3\" src=\"http://image.24h.com.vn/upload/3-2017/images/2017-09-02/1504342876-150434195479891-1503663592-150366286350974-galuoc10.jpg\" style=\"height:263px; width:350px\" /></p>\r\n\r\n<p><strong>*X&ocirc;i:</strong></p>\r\n\r\n<p>- Gạo nếp ngon: 3 cốc (khoảng 600gr)</p>\r\n\r\n<p>- Dầu ăn + mỡ g&agrave;: 4-5 th&igrave;a canh</p>\r\n\r\n<p>- Gừng băm: cỡ 1 ng&oacute;n tay c&aacute;i (khoảng 1 &frac12; th&igrave;a canh)</p>\r\n\r\n<p>- Nước d&ugrave;ng g&agrave;: 3 cốc (khoảng 650ml)</p>\r\n\r\n<p>- L&aacute; dứa: 4 l&aacute; (gấp th&agrave;nh 1 b&oacute;)</p>\r\n\r\n<p>- Muối: 1 đến 1 1/2 th&igrave;a c&agrave; ph&ecirc;</p>\r\n\r\n<p>- X&igrave; dầu để ăn k&egrave;m x&ocirc;i</p>\r\n\r\n<p>&nbsp;</p>\r\n\r\n<p><img alt=\"Gợi ý mâm cỗ mặn thơm ngon, đẹp mắt cúng Rằm tháng Bảy - 4\" src=\"http://image.24h.com.vn/upload/3-2017/images/2017-09-02/1504342876-150434195451641-1503663592-150366286347756-galuoc09.jpg\" style=\"height:234px; width:350px\" /></p>\r\n\r\n<p><strong>2. Chả gi&ograve; rế</strong></p>\r\n\r\n<p><strong>Nguy&ecirc;n liệu (cho 16 c&aacute;i nem):</strong></p>\r\n\r\n<p>- 200 gr thịt lợn băm</p>\r\n\r\n<p>- 6 con t&ocirc;m cỡ vừa - băm nhuyễn</p>\r\n\r\n<p>- 20gr nấm hương &ndash; ng&acirc;m mềm, th&aacute;i mỏng</p>\r\n\r\n<p>- 100gr khoai m&ocirc;n &ndash; th&aacute;i sợi (c&oacute; thể thay bằng 3 - 4 l&aacute; cải thảo th&aacute;i sợi)</p>\r\n\r\n<p>- 1 củ c&agrave; rốt nhỏ - th&aacute;i sợi</p>\r\n\r\n<p>- 1 củ h&agrave;nh kh&ocirc; - băm nhỏ</p>\r\n\r\n<p>- 2 nh&aacute;nh tỏi - băm nhỏ</p>\r\n\r\n<p>- 200 gr thịt cua (kh&ocirc;ng bắt buộc)</p>\r\n\r\n<p>- 1 c&acirc;y măng nhỏ - th&aacute;i sợi (kh&ocirc;ng bắt buộc)</p>\r\n\r\n<p>- 1/2 th&igrave;a c&agrave; ph&ecirc; muối</p>\r\n\r\n<p>&nbsp;-2 th&igrave;a c&agrave; ph&ecirc; hạt n&ecirc;m g&agrave;</p>\r\n\r\n<p>- 1 th&igrave;a c&agrave; ph&ecirc; đường</p>\r\n\r\n<p>- 2 th&igrave;a c&agrave; ph&ecirc; nước tương (x&igrave; dầu)</p>\r\n\r\n<p>- Hạt ti&ecirc;u trắng xay</p>\r\n\r\n<p>- 1 trứng g&agrave; &ndash; đ&aacute;nh tan (d&ugrave;ng một nửa)</p>\r\n\r\n<p>- 1 g&oacute;i b&aacute;nh đa nem gi&ograve; rế (hoặc b&aacute;nh đa nem thường)</p>\r\n\r\n<p>- Dầu ăn</p>\r\n\r\n<p><img alt=\"Gợi ý mâm cỗ mặn thơm ngon, đẹp mắt cúng Rằm tháng Bảy - 6\" src=\"http://image.24h.com.vn/upload/3-2017/images/2017-09-02/1504342876-150434195481431-1504147277-1504066771-150406630034793-chagiore01.jpg\" style=\"height:525px; width:350px\" /></p>\r\n\r\n<p><strong>3. Gi&ograve; lụa</strong></p>\r\n\r\n<p><strong>Nguy&ecirc;n liệu:</strong></p>\r\n\r\n<p>- 500gr thịt lợn xay sẵn. Thường thịt xay sẵn thường c&oacute; mỡ v&agrave; nạc. Kh&ocirc;ng n&ecirc;n d&ugrave;ng thịt nguy&ecirc;n nạc khiến gi&ograve; rất kh&ocirc;, k&eacute;m độ ngon</p>\r\n\r\n<p>- 30gr bột năng hay bột bắp</p>\r\n\r\n<p>- Gia vị: 1 muỗng canh nước mắm; 1/2 muỗng c&agrave; ph&ecirc; bột n&ecirc;m; 1/2 muỗng c&agrave; ph&ecirc; đường; 1 muỗng c&agrave; ph&ecirc; bột ti&ecirc;u trắng (ti&ecirc;u trắng sẽ l&agrave;m gi&ograve; kh&ocirc;ng bị đen)</p>\r\n\r\n<p>- 50ml nước đ&aacute; lạnh (cần thật lạnh)</p>\r\n\r\n<p>- 15g bột nở</p>\r\n\r\n<p><img alt=\"Gợi ý mâm cỗ mặn thơm ngon, đẹp mắt cúng Rằm tháng Bảy - 7\" src=\"http://image.24h.com.vn/upload/3-2017/images/2017-09-02/1504342876-1504341954466-1453867116-cach-lam-gio-lua-1453711709.jpg\" style=\"height:298px; width:350px\" /></p>\r\n\r\n<p><strong>4. Miến g&agrave;</strong></p>\r\n\r\n<p><strong>Nguy&ecirc;n liệu (cho 4 người ăn):</strong></p>\r\n\r\n<p>- 4 đ&ugrave;i g&agrave;</p>\r\n\r\n<p>- 1 củ h&agrave;nh t&acirc;y</p>\r\n\r\n<p>- 1 củ gừng nhỏ (khoảng 5cm)</p>\r\n\r\n<p>- 1,5 đến 2 l&iacute;t nước</p>\r\n\r\n<p>- 2 th&igrave;a canh nước mắm</p>\r\n\r\n<p>- Muối &amp; hạt ti&ecirc;u</p>\r\n\r\n<p>- 150g miến (b&uacute;n t&agrave;u) kh&ocirc;</p>\r\n\r\n<p>- V&agrave;i c&acirc;y nấm hương</p>\r\n\r\n<p>- Rau m&ugrave;i (ng&ograve;), h&agrave;nh l&aacute;, chanh v&agrave; l&aacute; chanh tươi</p>\r\n\r\n<p>*Nếu bạn luộc g&agrave; nguy&ecirc;n con v&agrave; đ&atilde; c&oacute; nước d&ugrave;ng g&agrave;, bạn c&oacute; thể thay đ&ugrave;i g&agrave; sống trong c&ocirc;ng thức n&agrave;y bằng thịt ức g&agrave; ch&iacute;n hay l&ograve;ng g&agrave; ch&iacute;n v&agrave; bỏ qua bước chế biến nước d&ugrave;ng.</p>\r\n\r\n<p><img alt=\"Gợi ý mâm cỗ mặn thơm ngon, đẹp mắt cúng Rằm tháng Bảy - 8\" src=\"http://image.24h.com.vn/upload/3-2017/images/2017-09-02/1504342876-150434195461192-1504147019-1504066786-150406543750797-mienga01.jpg\" style=\"height:524px; width:350px\" /></p>\r\n\r\n<p><strong>5. Canh sườn non b&iacute; đao</strong></p>\r\n\r\n<p><strong>Nguy&ecirc;n liệu:</strong></p>\r\n\r\n<p>- 400g b&iacute; đao</p>\r\n\r\n<p>-&nbsp;2 dải sườn chặt miếng vừa ăn</p>\r\n\r\n<p>- 3-4 quả t&aacute;o t&agrave;u (ch&agrave; l&agrave;)</p>\r\n\r\n<p>- 1 th&igrave;a cafe t&ocirc;m kh&ocirc;</p>\r\n\r\n<p>- H&agrave;nh t&acirc;y, rau m&ugrave;i th&aacute;i nhỏ</p>\r\n\r\n<p>- 1 miếng gừng đập dập</p>\r\n\r\n<p>- 1 nh&uacute;m muối</p>\r\n\r\n<p><img alt=\"Gợi ý mâm cỗ mặn thơm ngon, đẹp mắt cúng Rằm tháng Bảy - 9\" src=\"http://image.24h.com.vn/upload/3-2017/images/2017-09-02/1504342877-150434195417879-1489978734-148997826354384-1489938123-anh-3.jpg\" style=\"height:525px; width:350px\" /></p>\r\n\r\n<p>theo t&ocirc;i !</p>\r\n', 18, 31, 8, 1, 1),
(64, '5 món bánh \"hot\" nhất dịp lễ Vu Lan vừa ngon lại ý nghĩa', '5-mon-banh-hot-nhat-dip-le-vu-lan-vua-ngon-lai-y-nghia', 'Lễ Vu Lan là dịp để bày tỏ lòng biết ơn của mình đối với đấng sinh thành. Vì thế, việc lựa chọn những món bánh để dâng lễ không chỉ cần ngon miệng mà còn phải mang những ý nghĩa nhất định.', '1504575768-150457527688681-1440491410-p800_20120823155247717506666.jpg', '2017-09-18', 1, '<p>B&aacute;nh nếp chay l&agrave; một trong những m&oacute;n kh&ocirc;ng thể thiếu trong m&acirc;m cỗ&nbsp;rằm th&aacute;ng 7. Miếng b&aacute;nh nếp giản dị, mộc mạc từ những nguy&ecirc;n liệu th&acirc;n thuộc với người n&ocirc;ng d&acirc;n như bột nếp, đường, đậu phộng, m&egrave; rang đ&atilde; thể hiện đầy đủ nhất những g&igrave; tinh t&uacute;y nhất từ nguồn cội.</p>\r\n\r\n<p><strong>B&aacute;nh trung thu</strong></p>\r\n\r\n<p><img alt=\"5 món bánh &amp;#34;hot&amp;#34; nhất dịp lễ Vu Lan vừa ngon lại ý nghĩa - 2\" src=\"http://image.24h.com.vn/upload/3-2017/images/2017-09-05/1504575768-150457527646948-suckhoedoisong--2-.jpg\" style=\"height:281px; width:500px\" /></p>\r\n\r\n<p><span class=\"marker\">B&aacute;nh trung thu (Ảnh: Sức khỏe &amp; Đời sống)</span></p>\r\n\r\n<p>Đ&acirc;y l&agrave; m&oacute;n qu&agrave; cực kỳ c&oacute; &yacute; nghĩa để b&agrave;y tỏ l&ograve;ng y&ecirc;u thương của m&igrave;nh đối với bố mẹ. Kh&ocirc;ng những vậy, n&oacute; c&ograve;n tăng th&ecirc;m t&igrave;nh đồng nghiệp, bạn b&egrave; v&agrave; cũng l&agrave; m&oacute;n b&aacute;nh y&ecirc;u th&iacute;ch của biết bao trẻ em. Những miếng b&aacute;nh trung thu ngọt lịm, thơm m&ugrave;i trứng sữa, bột, đậu...với bao h&igrave;nh th&ugrave;, kiểu d&aacute;ng, m&ugrave;i vị kh&aacute;c nhau chắc chắn sẽ l&agrave; một m&oacute;n qu&agrave; khiến ai cũng đều cảm thấy hạnh ph&uacute;c khi nhận được.</p>\r\n\r\n<p><strong>B&aacute;nh mật v&agrave;ng</strong></p>\r\n\r\n<p>Những chiếc b&aacute;nh mật v&agrave;ng &oacute;ng, ngọt thanh từ bột gạo nếp với mật, thơm lừng của nh&acirc;n đậu xanh hoặc lạc quyện c&ugrave;ng với m&ugrave;i l&aacute; chuối kh&ocirc; thoang thoảng sẽ l&agrave; m&oacute;n b&aacute;nh kh&ocirc;ng thể thiếu trong m&acirc;m cỗ&nbsp;chay. Giữa m&ugrave;a lễ Vu Lan&nbsp;ngập tr&agrave;n l&ograve;ng th&agrave;nh k&iacute;nh b&aacute;o hiếu, được thưởng thức chiếc b&aacute;nh d&acirc;n d&atilde;, đậm đ&agrave; k&iacute; ức tuổi thơ như thế n&agrave;y khiến cho ai nấy khi ăn đều cảm thấy nhớ người th&acirc;n da diết.</p>\r\n\r\n<p><strong>B&aacute;nh quế</strong></p>\r\n\r\n<p><img alt=\"5 món bánh &amp;#34;hot&amp;#34; nhất dịp lễ Vu Lan vừa ngon lại ý nghĩa - 3\" src=\"http://image.24h.com.vn/upload/3-2017/images/2017-09-05/1504575768-150457527633950-waffles-2040278_960_720.jpg\" style=\"height:375px; width:500px\" /></p>\r\n\r\n<p><span class=\"marker\">B&aacute;nh quế (Ảnh: Pixabay)</span></p>\r\n\r\n<p>Giữa mu&ocirc;n v&agrave;n c&aacute;c loại b&aacute;nh kẹo đầy m&agrave;u sắc, hương vị th&igrave; h&igrave;nh ảnh những chiếc b&aacute;nh quế ng&agrave;y xưa vẫn giữ một vị tr&iacute; đặc biệt mỗi khi dịp Vu Lan về. Ch&iacute;nh sự mộc mạc, giản dị của những chiếc b&aacute;nh quế được cuộn tr&ograve;n&nbsp;đem đến một cảm gi&aacute;c ngọt ng&agrave;o, b&eacute;o ngậy, gi&ograve;n tan kh&ocirc;ng thể n&agrave;o cưỡng lại được.</p>\r\n\r\n<p><strong>B&aacute;nh sữa chi&ecirc;n</strong></p>\r\n\r\n<p>&nbsp;</p>\r\n\r\n<p><img alt=\"5 món bánh &amp;#34;hot&amp;#34; nhất dịp lễ Vu Lan vừa ngon lại ý nghĩa - 4\" src=\"http://image.24h.com.vn/upload/3-2017/images/2017-09-05/1504575768-150457527670632-1500552917-banh-sua-tuoi.jpg\" style=\"height:317px; width:500px\" /></p>\r\n\r\n<p>&nbsp;</p>\r\n\r\n<p><span class=\"marker\">B&aacute;nh sữa chi&ecirc;n (Sức khỏe &amp; Đời sống)</span></p>\r\n\r\n<p>B&aacute;nh sữa chi&ecirc;n l&agrave; một trong những m&oacute;n chay rất được mọi người y&ecirc;u th&iacute;ch. Với lớp vỏ gi&ograve;n rụm từ sữa tươi v&agrave; bột bắp kết hợp với lớp kem sữa mềm mịn, b&eacute;o ngậy b&ecirc;n trong đem đến một cảm gi&aacute;c cực kỳ &ldquo;đ&atilde; miệng&rdquo; khi cắn. M&oacute;n n&agrave;y ăn ngon nhất khi c&ograve;n n&oacute;ng th&igrave; mới cảm nhận hết được độ ngon từ ngo&agrave;i v&agrave;o trong.</p>\r\n\r\n<p><strong>B&aacute;nh kem can</strong></p>\r\n\r\n<p>&nbsp;</p>\r\n\r\n<p><img alt=\"5 món bánh &amp;#34;hot&amp;#34; nhất dịp lễ Vu Lan vừa ngon lại ý nghĩa - 6\" src=\"http://image.24h.com.vn/upload/3-2017/images/2017-09-05/1504575768-150457527637443-pinterest.jpg\" style=\"height:250px; width:500px\" /></p>\r\n\r\n<p><span class=\"marker\">B&aacute;nh kem cam (Ảnh: Pinterest)</span></p>\r\n\r\n<p>Nếu ph&acirc;n v&acirc;n kh&ocirc;ng biết n&ecirc;n tặng mẹ m&oacute;n qu&agrave; g&igrave; v&agrave;o dịp lễ n&agrave;y th&igrave; c&oacute; thể tự tay l&agrave;m b&aacute;nh kem. Một trong số đ&oacute; phải kể đến b&aacute;nh kem cam được rất nhiều người lựa chọn để l&agrave;m. Với hương vị ngọt ng&agrave;o của chiếc b&aacute;nh c&ugrave;ng với m&ugrave;i thơm dịu nhẹ của hương cam chắc chắn sẽ l&agrave;m cho ng&agrave;y lễ Vu Lan trở n&ecirc;n c&oacute; &yacute; nghĩa hơn.</p>\r\n\r\n<p><strong>Theo Phan Hằng (D&acirc;n Việt)</strong></p>\r\n\r\n<p>&nbsp;</p>\r\n', 18, 31, 10, 1, 1),
(65, 'Ngó sen nhồi gạo nếp mật ong thơm ngọt cho mâm cơm dịp lễ Vu Lan', 'ngo-sen-nhoi-gao-nep-mat-ong-thom-ngot-cho-mam-com-dip-le-vu-lan', 'Củ sen nhồi gạo nếp vừa giòn thơm lạ miệng, lại có hương vị ngọt thanh dễ chịu. Chỉ mất chút thời gian là bạn đã có ngay một món chay ngon lành và vô cùng bổ dưỡng cho mâm cỗ ngày Rằm rồi.', '1504263942-150426221131058-lotus01.jpg', '2017-09-18', 1, '<p><img alt=\"Ngó sen nhồi gạo nếp mật ong thơm ngọt cho mâm cơm dịp lễ Vu Lan - 1\" src=\"http://image.24h.com.vn/upload/3-2017/images/2017-09-01/1504263942-150426221131058-lotus01.jpg\" style=\"height:334px; width:500px\" /></p>\r\n\r\n<p><strong>Nguy&ecirc;n liệu (cho 4-6 người ăn):</strong></p>\r\n\r\n<p>- 150 gr gạo nếp</p>\r\n\r\n<p>- 2 th&igrave;a c&agrave; ph&ecirc; đường trắng</p>\r\n\r\n<p>- 1 ng&oacute; sen tươi khoảng 400 gr (n&ecirc;n lựa củ ngắn, mập v&agrave; thẳng để dễ nhồi gạo)</p>\r\n\r\n<p>- 100 gr đường ph&egrave;n hoặc 170gr đường trắng</p>\r\n\r\n<p>- 2 th&igrave;a canh đường n&acirc;u</p>\r\n\r\n<p>- 4 th&igrave;a canh siro quế hoa (osmanthus syrup) hoặc mật ong</p>\r\n\r\n<p>- C&oacute; thể th&ecirc;m v&agrave;i tr&aacute;i t&aacute;o t&agrave;u để th&ecirc;m hương vị v&agrave; dinh dưỡng</p>\r\n\r\n<p><strong>C&aacute;ch l&agrave;m:</strong></p>\r\n\r\n<p><img alt=\"Ngó sen nhồi gạo nếp mật ong thơm ngọt cho mâm cơm dịp lễ Vu Lan - 2\" src=\"http://image.24h.com.vn/upload/3-2017/images/2017-09-01/1504263942-150426221131012-lotus02.jpg\" style=\"height:334px; width:500px\" /></p>\r\n\r\n<p>Cho gạo nếp v&agrave;o một t&ocirc; nhỏ v&agrave; vo khoảng 2-3 lần. Đổ nước ngập gạo, c&aacute;ch mặt gạo khoảng 1 cm. Ng&acirc;m gạo ở nhiệt độ ph&ograve;ng từ 4-5 giờ hoặc để qua đ&ecirc;m trong tủ lạnh (đậy nắp hoặc d&ugrave;ng m&agrave;ng bọc thực phẩm nếu để trong tủ lạnh).</p>\r\n\r\n<p><img alt=\"Ngó sen nhồi gạo nếp mật ong thơm ngọt cho mâm cơm dịp lễ Vu Lan - 3\" src=\"http://image.24h.com.vn/upload/3-2017/images/2017-09-01/1504263942-150426221175244-lotus03.jpg\" style=\"height:334px; width:500px\" /></p>\r\n\r\n<p>Vớt gạo ra, để r&aacute;o nước. Trộn đều gạo với đường trắng.</p>\r\n\r\n<p><img alt=\"Ngó sen nhồi gạo nếp mật ong thơm ngọt cho mâm cơm dịp lễ Vu Lan - 4\" src=\"http://image.24h.com.vn/upload/3-2017/images/2017-09-01/1504263942-150426221169324-lotus04.jpg\" style=\"height:334px; width:500px\" /></p>\r\n\r\n<p>Cẩn thận rửa sạch ng&oacute; sen. Nạo bỏ phần vỏ. Khi cắt phần cuộng cứng thừa ở 2 đầu ng&oacute; sen, ch&uacute; &yacute; kh&ocirc;ng cắt qu&aacute; s&acirc;u v&agrave;o phần thịt của ng&oacute; sen l&agrave;m lộ phần lỗ b&ecirc;n trong.</p>\r\n\r\n<p><img alt=\"Ngó sen nhồi gạo nếp mật ong thơm ngọt cho mâm cơm dịp lễ Vu Lan - 5\" src=\"http://image.24h.com.vn/upload/3-2017/images/2017-09-01/1504263942-150426221134501-lotus05.jpg\" style=\"height:334px; width:500px\" /></p>\r\n\r\n<p>Cắt khoảng 2cm ở một đầu của ng&oacute; sen, giữ lại phần n&agrave;y l&agrave;m &ldquo;nắp đậy&rdquo;.</p>\r\n\r\n<p><img alt=\"Ngó sen nhồi gạo nếp mật ong thơm ngọt cho mâm cơm dịp lễ Vu Lan - 6\" src=\"http://image.24h.com.vn/upload/3-2017/images/2017-09-01/1504263942-150426221173357-lotus06.jpg\" style=\"height:334px; width:500px\" /></p>\r\n\r\n<p>Để nhồi gạo v&agrave;o trong ng&oacute; sen, đặt một th&igrave;a gạo đầy l&ecirc;n tr&ecirc;n mặt cắt, rồi d&ugrave;ng đũa đẩy v&agrave; n&eacute;n gạo thật chặt v&agrave;o trong từng lỗ, kể cả những lỗ nhỏ. &nbsp;</p>\r\n\r\n<p><img alt=\"Ngó sen nhồi gạo nếp mật ong thơm ngọt cho mâm cơm dịp lễ Vu Lan - 7\" src=\"http://image.24h.com.vn/upload/3-2017/images/2017-09-01/1504263942-150426221164021-lotus07.jpg\" style=\"height:334px; width:500px\" /></p>\r\n\r\n<p>C&oacute; thể chừa lại 1 ch&uacute;t khoảng trống để gạo nở ra.</p>\r\n\r\n<p><img alt=\"Ngó sen nhồi gạo nếp mật ong thơm ngọt cho mâm cơm dịp lễ Vu Lan - 8\" src=\"http://image.24h.com.vn/upload/3-2017/images/2017-09-01/1504263942-150426221164039-lotus08.jpg\" style=\"height:334px; width:500px\" /></p>\r\n\r\n<p>Đậy phần &ldquo;nắp&rdquo; được cắt ra l&uacute;c trước v&agrave;o đ&uacute;ng vị tr&iacute; cũ, khi nấu l&ecirc;n, gạo b&ecirc;n trong ng&oacute; sen sẽ nở ra v&agrave; lấp v&agrave;o c&aacute;c lỗ ở phần &ldquo;nắp&rdquo; D&ugrave;ng 6-8 c&aacute;i tăm để ghim cố định hai phần n&agrave;y với nhau. Ch&uacute; &yacute; xỏ tăm v&agrave;o c&agrave;ng s&acirc;u c&agrave;ng tốt v&igrave; khi nấu, gạo nở bung c&oacute; thể khiến phần &ldquo;nắp&rdquo; rời ra nếu tăm giữ kh&ocirc;ng đủ chặt.</p>\r\n\r\n<p><img alt=\"Ngó sen nhồi gạo nếp mật ong thơm ngọt cho mâm cơm dịp lễ Vu Lan - 9\" src=\"http://image.24h.com.vn/upload/3-2017/images/2017-09-01/1504263942-150426221195673-lotus09.jpg\" style=\"height:334px; width:500px\" /></p>\r\n\r\n<p>Đặt ng&oacute; sen v&agrave;o trong một nồi nhỏ, đổ 2 cốc nước xăm xấp mặt. (Cố gắng chọn nồi nhỏ đặt vừa đủ ng&oacute; sen. Nồi qu&aacute; lớn sẽ cần th&ecirc;m nước v&agrave; tăng lượng đường cho ph&ugrave; hợp) Th&ecirc;m đường ph&egrave;n (hoặc đường trắng) v&agrave; đường n&acirc;u c&ugrave;ng t&aacute;o t&agrave;u (nếu c&oacute;) v&agrave;o nồi. Đun s&ocirc;i ở nhiệt độ cao đồng thời khuấy đều để đường tan hết.</p>\r\n\r\n<p><img alt=\"Ngó sen nhồi gạo nếp mật ong thơm ngọt cho mâm cơm dịp lễ Vu Lan - 10\" src=\"http://image.24h.com.vn/upload/3-2017/images/2017-09-01/1504263942-150426221143127-lotus10.jpg\" style=\"height:334px; width:500px\" /></p>\r\n\r\n<p>Khi nước s&ocirc;i v&agrave; đường tan hết, giảm xuống lửa vừa, đậy nắp v&agrave; tiếp tục đun trong 1 giờ. Lật ng&oacute; sen sau mỗi 30 ph&uacute;t v&agrave; th&ecirc;m nước nếu cần thiết. Giảm lửa xuống mức nhỏ nhất v&agrave; để s&ocirc;i lăn tăn th&ecirc;m 20 ph&uacute;t nữa. Lật ng&oacute; sen 4-5 lần trong khi nấu.</p>\r\n\r\n<p><img alt=\"Ngó sen nhồi gạo nếp mật ong thơm ngọt cho mâm cơm dịp lễ Vu Lan - 11\" src=\"http://image.24h.com.vn/upload/3-2017/images/2017-09-01/1504263942-150426221183959-lotus11.jpg\" style=\"height:334px; width:500px\" /></p>\r\n\r\n<p>Nếu muốn d&ugrave;ng ngay, bạn vớt ng&oacute; sen ra thớt v&agrave; để tới khi nguội hẳn rồi cắt th&agrave;nh từng l&aacute;t d&agrave;y đều nhau. Nếu chưa d&ugrave;ng lu&ocirc;n, bạn c&oacute; thể để ng&oacute; sen trong nồi cho tới khi nguội hẳn. Nếu muốn sang ng&agrave;y h&ocirc;m sau mới d&ugrave;ng, h&atilde;y để ng&oacute; sen v&agrave;o hộp k&iacute;n, đổ ngập nước đường v&agrave; cất trong tủ lạnh.</p>\r\n\r\n<p><img alt=\"Ngó sen nhồi gạo nếp mật ong thơm ngọt cho mâm cơm dịp lễ Vu Lan - 12\" src=\"http://image.24h.com.vn/upload/3-2017/images/2017-09-01/1504263942-150426221124654-lotus12.jpg\" style=\"height:334px; width:500px\" /></p>\r\n\r\n<p>Rưới siro quế hoa hoặc mật ong l&ecirc;n tr&ecirc;n c&aacute;c l&aacute;t ng&oacute; sen. M&oacute;n ăn n&agrave;y c&oacute; thể d&ugrave;ng ấm hoặc lạnh đều vẫn giữ được hương vị thơm ngon.</p>\r\n\r\n<p><strong>Theo Anh Phamj (Theo Omnivores Cookbook) (D&acirc;n Việt)</strong></p>\r\n', 18, 31, 1, 1, 1),
(66, 'Tự làm gà chay hấp đơn giản, thơm ngon cho ngày lễ Vu Lan', 'tu-lam-ga-chay-hap-don-gian-thom-ngon-cho-ngay-le-vu-lan', 'Ăn chay không chỉ mang ý nghĩa tốt lành trong thế giới tâm linh, mà còn giúp thanh lọc cơ thể, rất tốt cho sức khỏe. Ngày lễ Vu Lan báo hiếu sắp đến gần, các chị em hãy bổ sung món gà hấp chay vừa đẹp mắt vừa ngon miệng, lại rất đơn giản dễ làm này vào mâm cỗ nhé.', '1504179294-150417895217660-gachay01.jpg', '2017-09-18', 1, '<p><img alt=\"Tự làm gà chay hấp đơn giản, thơm ngon cho ngày lễ Vu Lan - 1\" src=\"http://image.24h.com.vn/upload/3-2017/images/2017-08-31/1504179294-150417895217660-gachay01.jpg\" style=\"height:333px; width:500px\" /></p>\r\n\r\n<p>M&oacute;n g&agrave; hấp chay thơm ngon, lạ miệng</p>\r\n\r\n<p><strong>Nguy&ecirc;n liệu:</strong></p>\r\n\r\n<p><em>*Phần vỏ</em></p>\r\n\r\n<p><img alt=\"Tự làm gà chay hấp đơn giản, thơm ngon cho ngày lễ Vu Lan - 2\" src=\"http://image.24h.com.vn/upload/3-2017/images/2017-08-31/1504179294-150417895242580-gachay02.jpg\" style=\"height:333px; width:500px\" /></p>\r\n\r\n<p>- 170gr v&aacute;ng đậu (ph&ugrave; ch&uacute;c, t&agrave;u hũ ky) tươi</p>\r\n\r\n<p>&nbsp;</p>\r\n\r\n<p>&nbsp;</p>\r\n\r\n<p><img alt=\"Tự làm gà chay hấp đơn giản, thơm ngon cho ngày lễ Vu Lan - 3\" src=\"http://image.24h.com.vn/upload/3-2017/images/2017-08-31/1504179294-150417895254743-gachay03.jpg\" style=\"height:375px; width:500px\" /></p>\r\n\r\n<p>- Nếu bạn chỉ c&oacute; v&aacute;ng đậu kh&ocirc;, h&atilde;y ng&acirc;m qua nước cho mềm</p>\r\n\r\n<p>- L&aacute; chanh, rau m&ugrave;i để trang tr&iacute;</p>\r\n\r\n<p><em>*Phần nh&acirc;n</em></p>\r\n\r\n<p>- 4 c&acirc;y (khoảng 28gr) nấm hương</p>\r\n\r\n<p>- 1 th&igrave;a c&agrave; ph&ecirc; nước tương (x&igrave; dầu)</p>\r\n\r\n<p>- 1 th&igrave;a c&agrave; ph&ecirc; dầu vừng (dầu m&egrave;)</p>\r\n\r\n<p>- 1/4 th&igrave;a c&agrave; ph&ecirc; bột ngũ vị hương</p>\r\n\r\n<p><em>*Nước sốt</em></p>\r\n\r\n<p>- 2 th&igrave;a canh nước nấm ng&acirc;m, nước luộc rau củ, hoặc nước lọc</p>\r\n\r\n<p>- 2 th&igrave;a canh nước tương (x&igrave; dầu)</p>\r\n\r\n<p>- 2 th&igrave;a c&agrave; ph&ecirc; dầu vừng (dầu m&egrave;)</p>\r\n\r\n<p>- 1 &frac12; th&igrave;a c&agrave; ph&ecirc; đường</p>\r\n\r\n<p>- 1 th&igrave;a c&agrave; ph&ecirc; rượu gạo</p>\r\n\r\n<p>- &frac12; &nbsp;th&igrave;a c&agrave; ph&ecirc; muối</p>\r\n\r\n<p>1 miếng gừng tươi khoảng 3cm, băm nhỏ</p>\r\n\r\n<p><strong>C&aacute;ch l&agrave;m:</strong></p>\r\n\r\n<p><img alt=\"Tự làm gà chay hấp đơn giản, thơm ngon cho ngày lễ Vu Lan - 4\" src=\"http://image.24h.com.vn/upload/3-2017/images/2017-08-31/1504179294-150417895289088-gachay04.jpg\" style=\"height:334px; width:500px\" /></p>\r\n\r\n<p>Ng&acirc;m nấm hương trong nước đến khi mềm. Cắt phần ch&acirc;n nấm v&agrave; th&aacute;i nhỏ th&agrave;nh từng miếng khoảng 5mm. Giữa lại phần nước ng&acirc;m nấm để l&agrave;m nước sốt.</p>\r\n\r\n<p><img alt=\"Tự làm gà chay hấp đơn giản, thơm ngon cho ngày lễ Vu Lan - 5\" src=\"http://image.24h.com.vn/upload/3-2017/images/2017-08-31/1504179294-150417895264526-gachay05.jpeg\" style=\"height:263px; width:500px\" /></p>\r\n\r\n<p>Cho tất cả phần nguy&ecirc;n liệu l&agrave;m nước sốt v&agrave;o chảo v&agrave; đun tr&ecirc;n lửa to. Nước sốt s&ocirc;i th&igrave; giảm nhiệt v&agrave; đun nhỏ lửa trong 2 ph&uacute;t. Nếu muốn nước sốt đặc, bạn c&oacute; thể pha ch&uacute;t bột năng với nước v&agrave; từ từ cho v&agrave;o chảo nước sốt, đảo đều. Tr&uacute;t ra một t&ocirc; lớn, để nguội. Rửa chảo sơ qua với nước, chuyển sang l&agrave;m phần nh&acirc;n nấm.</p>\r\n\r\n<p><img alt=\"Tự làm gà chay hấp đơn giản, thơm ngon cho ngày lễ Vu Lan - 6\" src=\"http://image.24h.com.vn/upload/3-2017/images/2017-08-31/1504179294-150417895257405-gachay06.jpg\" style=\"height:333px; width:500px\" /></p>\r\n\r\n<p>L&agrave;m n&oacute;ng chảo cho kh&ocirc;, th&ecirc;m dầu thực vật v&agrave;o, đảo chảo để dầu l&aacute;ng đều. Khi dầu n&oacute;ng, cho nấm c&ugrave;ng c&aacute;c nguy&ecirc;n liệu l&agrave;m nh&acirc;n c&ograve;n lại v&agrave;o. X&agrave;o qua 2-3 ph&uacute;t cho ch&iacute;n, tắt bếp, để nguội.</p>\r\n\r\n<p><img alt=\"Tự làm gà chay hấp đơn giản, thơm ngon cho ngày lễ Vu Lan - 7\" src=\"http://image.24h.com.vn/upload/3-2017/images/2017-08-31/1504179294-150417895285141-gachay07.jpg\" style=\"height:333px; width:500px\" /></p>\r\n\r\n<p>Để d&agrave;nh lại một l&aacute; v&aacute;ng đậu nguy&ecirc;n l&agrave;nh. Cắt c&aacute;c l&aacute; v&aacute;ng đậu c&ograve;n lại l&agrave;m đ&ocirc;i (mỗi miếng 22cmx29cm), nh&uacute;ng v&agrave;o t&ocirc; nước sốt hoặc d&ugrave;ng cọ phết nước sốt đều l&ecirc;n bề mặt miếng v&aacute;ng đậu, sau đ&oacute; gấp lại th&agrave;nh h&igrave;nh chữ nhật. Xếp chồng c&aacute;c l&aacute; đ&atilde; gấp l&ecirc;n nhau. Đặt l&aacute; v&aacute;ng đậu để d&agrave;nh ban đầu xuống v&agrave; đặt khối v&aacute;ng đậu xếp chồng l&ecirc;n nhau v&agrave;o giữa l&aacute;.</p>\r\n\r\n<p><img alt=\"Tự làm gà chay hấp đơn giản, thơm ngon cho ngày lễ Vu Lan - 8\" src=\"http://image.24h.com.vn/upload/3-2017/images/2017-08-31/1504179295-150417895265978-gachay08.jpg\" style=\"height:333px; width:500px\" /></p>\r\n\r\n<p>Xếp nh&acirc;n nấm l&ecirc;n tr&ecirc;n c&ugrave;ng khối v&aacute;ng đậu v&agrave; cuộn lại như khi l&agrave;m nem.</p>\r\n\r\n<p><img alt=\"Tự làm gà chay hấp đơn giản, thơm ngon cho ngày lễ Vu Lan - 9\" src=\"http://image.24h.com.vn/upload/3-2017/images/2017-08-31/1504179295-150417895220387-gachay09.jpg\" style=\"height:333px; width:500px\" /></p>\r\n\r\n<p>Đặt cuộn g&agrave; chay v&agrave;o nồi hấp, xếp phần m&eacute;p cuộn &uacute;p xuống để cả cuộn g&agrave; kh&ocirc;ng bị bung ra, hấp ở nhiệt độ cao trong khoảng 15 ph&uacute;t. Nhấc ra v&agrave; để nguội.</p>\r\n\r\n<p><img alt=\"Tự làm gà chay hấp đơn giản, thơm ngon cho ngày lễ Vu Lan - 10\" src=\"http://image.24h.com.vn/upload/3-2017/images/2017-08-31/1504179295-15041789522061-gachay10.jpg\" style=\"height:350px; width:500px\" /></p>\r\n\r\n<p>Cắt cuộn g&agrave; th&agrave;nh từng l&aacute;t khoảng 1cm. Trang tr&iacute; với l&aacute; chanh xắt nhỏ v&agrave; rau m&ugrave;i. Bạn cũng c&oacute; thể l&agrave;m g&agrave; chay từ đ&ecirc;m h&ocirc;m trước v&agrave; để v&agrave;o tủ lạnh để miếng g&agrave; được chắc hơn.</p>\r\n\r\n<p><strong>Theo Anh Phạm (Theo Chowvegan) (D&acirc;n Việt)</strong></p>\r\n', 18, 31, 0, 1, 1),
(67, 'Miến gà dai thơm, lạ miệng cho mâm cỗ cúng Rằm tháng Bảy', 'mien-ga-dai-thom-la-mieng-cho-mam-co-cung-ram-thang-bay', 'Miến gà là món ăn truyền thống quen thuộc được ưa thích từ lâu. Đặc biệt mâm cỗ cúng trong ngày Rằm hoặc dịp lễ Tết không thể thiếu một tô miến gà thơm ngon. Các chị em cùng tìm hiểu bí quyết chế biến miến gà hấp dẫn với công thức đơn giản dưới đây nhé.', '1504147019-1504066786-150406543750797-mienga01.jpg', '2017-09-18', 1, '<p><img alt=\"Miến gà dai thơm, lạ miệng cho mâm cỗ cúng Rằm tháng Bảy - 1\" src=\"http://image.24h.com.vn/upload/3-2017/images/2017-08-31/1504147019-1504066786-150406543750797-mienga01.jpg\" style=\"height:333px; width:500px\" /></p>\r\n\r\n<p>Miến g&agrave;</p>\r\n\r\n<p><strong>Nguy&ecirc;n liệu (cho 4 người ăn):</strong></p>\r\n\r\n<p>- 4 đ&ugrave;i g&agrave;</p>\r\n\r\n<p>- 1 củ h&agrave;nh t&acirc;y</p>\r\n\r\n<p>- 1 củ gừng nhỏ (khoảng 5cm)</p>\r\n\r\n<p>- 1,5 đến 2 l&iacute;t nước</p>\r\n\r\n<p>- 2 th&igrave;a canh nước mắm</p>\r\n\r\n<p>- Muối &amp; hạt ti&ecirc;u</p>\r\n\r\n<p>- 150g miến (b&uacute;n t&agrave;u) kh&ocirc;</p>\r\n\r\n<p>- V&agrave;i c&acirc;y nấm hương</p>\r\n\r\n<p>- Rau m&ugrave;i (ng&ograve;), h&agrave;nh l&aacute;, chanh v&agrave; l&aacute; chanh tươi</p>\r\n\r\n<p>*Nếu bạn luộc g&agrave; nguy&ecirc;n con v&agrave; đ&atilde; c&oacute; nước d&ugrave;ng g&agrave;, bạn c&oacute; thể thay đ&ugrave;i g&agrave; sống trong c&ocirc;ng thức n&agrave;y bằng thịt ức g&agrave; ch&iacute;n hay l&ograve;ng g&agrave; ch&iacute;n v&agrave; bỏ qua bước chế biến nước d&ugrave;ng.</p>\r\n\r\n<p><strong>C&aacute;ch l&agrave;m:</strong></p>\r\n\r\n<p><img alt=\"Miến gà dai thơm, lạ miệng cho mâm cỗ cúng Rằm tháng Bảy - 2\" src=\"http://image.24h.com.vn/upload/3-2017/images/2017-08-30/1504066786-150406543726560-mienga02.jpg\" style=\"height:375px; width:500px\" /></p>\r\n\r\n<p>Ướp đ&ugrave;i g&agrave; với ch&uacute;t muối v&agrave; hạt ti&ecirc;u, cho v&agrave;o một xoong chống d&iacute;nh lớn, &uacute;p phần c&oacute; da xuống v&agrave; &aacute;p chảo sơ qua tr&ecirc;n lửa lớn cho đ&ugrave;i g&agrave; tiết bớt dầu.</p>\r\n\r\n<p>&nbsp;</p>\r\n\r\n<p>&nbsp;</p>\r\n\r\n<p><img alt=\"Miến gà dai thơm, lạ miệng cho mâm cỗ cúng Rằm tháng Bảy - 3\" src=\"http://image.24h.com.vn/upload/3-2017/images/2017-08-30/1504066786-150406543739322-mienga03.jpg\" style=\"height:375px; width:500px\" /></p>\r\n\r\n<p>Lột vỏ h&agrave;nh v&agrave; gọt vỏ gừng. Bật một bếp kh&aacute;c ở lửa to. D&ugrave;ng kẹp kim loại để giữ chắc h&agrave;nh v&agrave; gừng. Nướng h&agrave;nh v&agrave; gừng tr&ecirc;n bếp, xoay để lửa phủ đều to&agrave;n bộ lớp b&ecirc;n ngo&agrave;i, nướng đến khi lớp b&ecirc;n ngo&agrave;i hơi ch&aacute;y v&agrave; dậy m&ugrave;i thơm.</p>\r\n\r\n<p>&nbsp;</p>\r\n\r\n<p><img alt=\"Miến gà dai thơm, lạ miệng cho mâm cỗ cúng Rằm tháng Bảy - 4\" src=\"http://image.24h.com.vn/upload/3-2017/images/2017-08-30/1504066786-150406543772261-mienga04.jpg\" style=\"height:375px; width:500px\" /></p>\r\n\r\n<p>&nbsp;</p>\r\n\r\n<p>Nấm hương ng&acirc;m mềm. Cho h&agrave;nh, gừng nướng c&ugrave;ng nấm v&agrave;o nồi g&agrave;. Th&ecirc;m khoảng 1,5 đến 2 l&iacute;t nước v&agrave; đun s&ocirc;i trong khoảng 45 -60 ph&uacute;t, hoặc cho đến khi g&agrave; ch&iacute;n kỹ v&agrave; nước d&ugrave;ng đ&atilde; trở n&ecirc;n thơm ngọt. N&ecirc;m nước mắm, muối, ti&ecirc;u cho vừa miệng.</p>\r\n\r\n<p><img alt=\"Miến gà dai thơm, lạ miệng cho mâm cỗ cúng Rằm tháng Bảy - 6\" src=\"http://image.24h.com.vn/upload/3-2017/images/2017-08-30/1504066786-150406543725226-mienga05.jpg\" style=\"height:333px; width:500px\" /></p>\r\n\r\n<p>Tắt bếp, vớt đ&ugrave;i g&agrave; ra đĩa v&agrave; x&eacute; nhỏ. Trộn thịt g&agrave; với ch&uacute;t nước mắm v&agrave; nước chanh tươi.</p>\r\n\r\n<p><img alt=\"Miến gà dai thơm, lạ miệng cho mâm cỗ cúng Rằm tháng Bảy - 7\" src=\"http://image.24h.com.vn/upload/3-2017/images/2017-08-30/1504066787-15040654377096-mienga06.jpg\" style=\"height:375px; width:500px\" /></p>\r\n\r\n<p>Ng&acirc;m miến (b&uacute;n t&agrave;u) cho mềm, trần trong một nồi nước s&ocirc;i kh&aacute;c.</p>\r\n\r\n<p><img alt=\"Miến gà dai thơm, lạ miệng cho mâm cỗ cúng Rằm tháng Bảy - 8\" src=\"http://image.24h.com.vn/upload/3-2017/images/2017-08-30/1504066787-150406543769672-mienga07.jpg\" style=\"height:334px; width:500px\" /></p>\r\n\r\n<p>Khi ăn, cho miến trần v&agrave;o b&aacute;t trước, th&ecirc;m thịt g&agrave; x&eacute;, l&aacute; chanh, h&agrave;nh, m&ugrave;i v&agrave; nước d&ugrave;ng n&oacute;ng.</p>\r\n\r\n<p><a href=\"http://www.24h.com.vn/am-thuc/bi-quyet-luoc-ga-nau-xoi-thom-mem-dep-mat-cung-ram-thang-bay-c460a898791.html\"><img alt=\"Bí quyết luộc gà, nấu xôi thơm mềm, đẹp mắt cúng Rằm tháng Bảy\" src=\"http://image.24h.com.vn/upload/3-2017/images/2017-08-25/1503663591-150366342731534-thumbnail.jpg\" style=\"height:375px; width:500px\" /></a></p>\r\n\r\n<p>C&ugrave;ng tham khảo c&aacute;ch luộc g&agrave; tuyệt ngon c&ugrave;ng c&ocirc;ng thức nấu x&ocirc;i đơn giản dưới đ&acirc;y để chuẩn bị m&acirc;m c&uacute;ng Rằm th&aacute;ng Bảy...</p>\r\n\r\n<p><strong>Theo Anh Phạm (Theo Salu-Salo) (D&acirc;n Việt)</strong></p>\r\n', 18, 31, 2, 1, 1),
(68, 'Công thức làm thịt ba chỉ lắc quất, món ăn đang khiến chị em \"phát cuồng\"', 'cong-thuc-lam-thit-ba-chi-lac-quat-mon-an-dang-khien-chi-em-phat-cuong', 'Món thịt ba chỉ lắc quất có hương vị đậm đà, thơm đặc trưng của quất, chua chua ngọt ngọt cay cay, đảm bảo ăn là mê say.', '1505702519-150570234834484-_mg_7201.jpg', '2017-09-18', 1, '<p><img alt=\"Công thức làm thịt ba chỉ lắc quất, món ăn đang khiến chị em &amp;#34;phát cuồng&amp;#34; - 1\" src=\"http://image.24h.com.vn/upload/3-2017/images/2017-09-18/1505702519-150570234834484-_mg_7201.jpg\" style=\"height:333px; width:500px\" /></p>\r\n\r\n<p>Thịt ba chỉ lắc quất lạ miệng, ngon v&ocirc; c&ugrave;ng</p>\r\n\r\n<p><strong>Chuẩn bị nguy&ecirc;n liệu:</strong></p>\r\n\r\n<p>- 350gr thịt ba chỉ heo</p>\r\n\r\n<p>- V&agrave;i quả ớt hiểm</p>\r\n\r\n<p>- 1-2 c&acirc;y sả</p>\r\n\r\n<p>- 2 th&igrave;a muối ớt t&ocirc;m</p>\r\n\r\n<p>- 1 th&igrave;a nước mắm</p>\r\n\r\n<p>- 2 th&igrave;a đường</p>\r\n\r\n<p>- V&agrave;i quả quất</p>\r\n\r\n<p>- 1 ch&uacute;t muối</p>\r\n\r\n<p>- Dầu để chi&ecirc;n</p>\r\n\r\n<p><img alt=\"Công thức làm thịt ba chỉ lắc quất, món ăn đang khiến chị em &amp;#34;phát cuồng&amp;#34; - 2\" src=\"http://image.24h.com.vn/upload/3-2017/images/2017-09-18/1505702519-150570234864242-img_20170915_153458.jpg\" style=\"height:375px; width:500px\" /></p>\r\n\r\n<p>Nguy&ecirc;n liệu l&agrave;m thịt ba chỉ lắc quất</p>\r\n\r\n<p><strong>Hướng dẫn c&aacute;ch l&agrave;m:</strong></p>\r\n\r\n<p>&nbsp;</p>\r\n\r\n<p><img alt=\"Công thức làm thịt ba chỉ lắc quất, món ăn đang khiến chị em &amp;#34;phát cuồng&amp;#34; - 3\" src=\"http://image.24h.com.vn/upload/3-2017/images/2017-09-18/1505702519-150570234898983-img_20170915_153450.jpg\" style=\"height:375px; width:500px\" /></p>\r\n\r\n<p>- Bước 1: Thịt ba chỉ cạo sạch b&igrave;, rửa lại v&agrave;i lần sau đ&oacute; thấm cho thịt kh&ocirc; r&aacute;o, cho muối x&aacute;t đều l&ecirc;n miếng thịt v&agrave; ướp khoảng 30 ph&uacute;t cho ngấm gia vị.</p>\r\n\r\n<p>&nbsp;</p>\r\n\r\n<p><img alt=\"Công thức làm thịt ba chỉ lắc quất, món ăn đang khiến chị em &amp;#34;phát cuồng&amp;#34; - 4\" src=\"http://image.24h.com.vn/upload/3-2017/images/2017-09-18/1505702519-1505702348114-img_20170915_153431.jpg\" style=\"height:362px; width:500px\" /></p>\r\n\r\n<p>&nbsp;</p>\r\n\r\n<p>- Bước 2: Quất đem cắt l&agrave;m 3 v&agrave; bỏ hết hạt, ớt th&aacute;i miếng v&aacute;t mỏng, sả b&agrave;o mỏng.</p>\r\n\r\n<p><img alt=\"Công thức làm thịt ba chỉ lắc quất, món ăn đang khiến chị em &amp;#34;phát cuồng&amp;#34; - 6\" src=\"http://image.24h.com.vn/upload/3-2017/images/2017-09-18/1505702520-150570234815514-img_20170915_155507.jpg\" style=\"height:375px; width:500px\" /></p>\r\n\r\n<p>- Bước 3: Đặt chảo l&ecirc;n bếp c&ugrave;ng với dầu ăn, đun cho n&oacute;ng dầu th&igrave; cho thịt ba chỉ v&agrave;o chi&ecirc;n phần b&igrave; trước, khi b&igrave; heo đ&atilde; v&agrave;ng gi&ograve;n mới chi&ecirc;n tiếp 2 mặt miếng thịt tới khi thịt ch&iacute;n v&agrave;ng l&agrave; được.</p>\r\n\r\n<p><img alt=\"Công thức làm thịt ba chỉ lắc quất, món ăn đang khiến chị em &amp;#34;phát cuồng&amp;#34; - 7\" src=\"http://image.24h.com.vn/upload/3-2017/images/2017-09-18/1505702520-150570234818211-2017-09-15-16-28-15.jpg\" style=\"height:375px; width:500px\" /></p>\r\n\r\n<p>- Bước 4: Gắp thịt ba chỉ ra thớt để cho nguội bớt v&agrave; th&aacute;i miếng mỏng cho v&agrave;o t&ocirc;.</p>\r\n\r\n<p><img alt=\"Công thức làm thịt ba chỉ lắc quất, món ăn đang khiến chị em &amp;#34;phát cuồng&amp;#34; - 8\" src=\"http://image.24h.com.vn/upload/3-2017/images/2017-09-18/1505702520-150570234817201-2017-09-15-16-29-41.jpg\" style=\"height:375px; width:500px\" /></p>\r\n\r\n<p>- Bước 5: Cho tất cả c&aacute;c nguy&ecirc;n liệu đ&atilde; chuẩn bị v&agrave;o c&ugrave;ng với thịt ba chỉ, bọc k&iacute;n t&ocirc; thịt v&agrave; lắc đều rồi b&agrave;y thịt ra đĩa để thưởng thức.</p>\r\n\r\n<p><img alt=\"Công thức làm thịt ba chỉ lắc quất, món ăn đang khiến chị em &amp;#34;phát cuồng&amp;#34; - 9\" src=\"http://image.24h.com.vn/upload/3-2017/images/2017-09-18/1505702520-150570234818438-_mg_7202.jpg\" style=\"height:333px; width:500px\" /></p>\r\n\r\n<p>Ch&uacute;c bạn thực hiện th&agrave;nh c&ocirc;ng v&agrave; ngon miệng với m&oacute;n thịt ba chỉ lắc quất</p>\r\n\r\n<p><strong>Theo Giang Giang (D&acirc;n Việt)</strong></p>\r\n', 18, 31, 0, 1, 1);
INSERT INTO `tin` (`id`, `TieuDe`, `TieuDe_KhongDau`, `TomTat`, `urlHinh`, `Ngay`, `idUser`, `Content`, `idLT`, `idTL`, `SoLanXem`, `TinNoiBat`, `AnHien`) VALUES
(69, 'Bí quyết cho món lòng lợn nhồi thịt chiên giòn ngon \"nứt vách\"', 'bi-quyet-cho-mon-long-lon-nhoi-thit-chien-gion-ngon-nut-vach', 'Cuối tuần rản rỗi, bạn hãy dành ra chút thời gian làm món lòng lợn nhồi thịt chiên giòn thơm ngon đãi gia đình, bạn bè và những người thân yêu.', '1503142445-15030425904864-collage.jpg', '2017-09-18', 1, '<p><strong>Nguy&ecirc;n liệu:</strong></p>\r\n\r\n<p><img alt=\"Bí quyết cho món lòng lợn nhồi thịt chiên giòn ngon &amp;#34;nứt vách&amp;#34; - 1\" src=\"http://image.24h.com.vn/upload/3-2017/images/2017-08-19/1503142445-15030425904864-collage.jpg\" style=\"height:400px; width:500px\" /></p>\r\n\r\n<p>- L&ograve;ng lợn&nbsp;non: 300gr</p>\r\n\r\n<p>- Thịt lợn:&nbsp;150gr</p>\r\n\r\n<p>- Lạc rang: 100gr</p>\r\n\r\n<p>- C&agrave; rốt: 2 củ</p>\r\n\r\n<p>- H&agrave;nh t&acirc;y: 1 củ</p>\r\n\r\n<p>- Mộc nhĩ: 5 c&aacute;i</p>\r\n\r\n<p>- Nấm hương: 5 c&aacute;i</p>\r\n\r\n<p>- H&agrave;nh l&aacute;: 3 c&acirc;y</p>\r\n\r\n<p>- Gia vị:&nbsp;Bột canh, dầu ăn, hạt ti&ecirc;u, m&igrave; ch&iacute;nh, dầu h&agrave;o</p>\r\n\r\n<p><strong>C&aacute;ch l&agrave;m:</strong></p>\r\n\r\n<p>- Bước 1&nbsp;(sơ chế nguy&ecirc;n liệu):&nbsp;L&ograve;ng lợn&nbsp;mua về c&aacute;c bạn đem rửa sạch, để r&aacute;o nước. N&ecirc;n d&ugrave;ng giấm hoặc chanh để khử m&ugrave;i h&ocirc;i của l&ograve;ng lợn.</p>\r\n\r\n<p>Mộc nhĩ, nấm hương ng&acirc;m nước lạnh đến khi nở to th&igrave; đem rửa cắt bỏ ch&acirc;n rồi rửa sạch v&agrave; th&aacute;i nhỏ.&nbsp;H&agrave;nh hoa nhặt bỏ gốc v&agrave; l&aacute; &uacute;a rồi đem rửa sạch th&aacute;i nhỏ.</p>\r\n\r\n<p><img alt=\"Bí quyết cho món lòng lợn nhồi thịt chiên giòn ngon &amp;#34;nứt vách&amp;#34; - 2\" src=\"http://image.24h.com.vn/upload/3-2017/images/2017-08-19/1503142445-15030421693616-lon-2.jpg\" style=\"height:319px; width:500px\" /></p>\r\n\r\n<p>- Bước 2:&nbsp;C&agrave; rốt c&aacute;c bạn gọt vỏ, rửa sạch rồi th&aacute;i sợi, băm nhỏ. Lạc c&aacute;c bạn rang ch&iacute;n rồi để nguội, x&aacute;t vỏ.&nbsp;</p>\r\n\r\n<p>- Bước 3:&nbsp;Sau đ&oacute; c&aacute;c bạn cho v&agrave;o &acirc;u lớn&nbsp;thịt băm c&ugrave;ng mộc nhĩ, h&agrave;nh hoa. N&ecirc;m &frac12; th&igrave;a bột canh, 1 th&igrave;a hạt ti&ecirc;u, 1 th&igrave;a dầu h&agrave;o, 1 th&igrave;a m&igrave; ch&iacute;nh, &frac12; th&igrave;a mắm. Sau đ&oacute; trộn đều tay cho c&aacute;c nguy&ecirc;n liệu thấm đều gia vị, tạo th&agrave;nh một hỗn hợp đồng nhất.</p>\r\n\r\n<p>- Bước 4:&nbsp;Tiếp theo, c&aacute;c bạn d&ugrave;ng phễu hoặc nắp chai nước lọc thu&ocirc;n phần thịt v&agrave;o l&ograve;ng lợn. C&aacute;c bạn lần lượt thu&ocirc;n đều (kh&ocirc;ng chặt qu&aacute;) đến khi hết phần nguy&ecirc;n liệu th&igrave; d&ugrave;ng d&acirc;y buộc lại. Sau đ&oacute; cho l&ograve;ng lợn v&agrave;o hấp.</p>\r\n\r\n<p><img alt=\"Bí quyết cho món lòng lợn nhồi thịt chiên giòn ngon &amp;#34;nứt vách&amp;#34; - 3\" src=\"http://image.24h.com.vn/upload/3-2017/images/2017-08-19/1503142445-150304216976522-lon-1.jpg\" style=\"height:352px; width:500px\" /></p>\r\n\r\n<p>- Bước 5:&nbsp;Khi l&ograve;ng lợn&nbsp;ch&iacute;n th&igrave; c&aacute;c bạn d&ugrave;ng tăm ch&acirc;m để loại bớt nước sau đ&oacute; cắt miếng rồi đem chi&ecirc;n v&agrave;ng l&agrave; được. Khi chi&ecirc;n, c&aacute;c bạn nhớ lật đều c&aacute;c mặt để l&ograve;ng lợn&nbsp;ch&iacute;n đều v&agrave; c&oacute; m&agrave;u sắc bắt đẹp mắt.</p>\r\n\r\n<p>Cuối c&ugrave;ng c&aacute;c bạn th&aacute;i l&ograve;ng lợn&nbsp;th&agrave;nh miếng nhỏ vừa ăn rồi xếp v&agrave;o đĩa, ăn k&egrave;m với tương ớt hoặc nước mắm chua ngọt.</p>\r\n\r\n<p><img alt=\"Bí quyết cho món lòng lợn nhồi thịt chiên giòn ngon &amp;#34;nứt vách&amp;#34; - 4\" src=\"http://image.24h.com.vn/upload/3-2017/images/2017-08-19/1503142445-150304216925787-lon-3.jpg\" style=\"height:352px; width:500px\" /></p>\r\n\r\n<p>Ch&uacute;c c&aacute;c bạn th&agrave;nh c&ocirc;ng với&nbsp;c&aacute;ch l&agrave;m l&ograve;ng lợn nhồi thịt chi&ecirc;n gi&ograve;n&nbsp;n&agrave;y nh&eacute;!</p>\r\n\r\n<p><strong>Theo D&acirc;n Việt</strong></p>\r\n', 18, 31, 54, 1, 1);

-- --------------------------------------------------------

--
-- Table structure for table `users`
--

CREATE TABLE `users` (
  `idUser` int(11) NOT NULL,
  `HoTen` varchar(100) CHARACTER SET utf8 NOT NULL,
  `Username` varchar(50) CHARACTER SET utf8 NOT NULL,
  `Password` varchar(50) CHARACTER SET utf8 NOT NULL,
  `DiaChi` varchar(255) CHARACTER SET utf8 NOT NULL,
  `Email` varchar(255) CHARACTER SET utf8 NOT NULL,
  `DienThoai` varchar(255) CHARACTER SET utf8 NOT NULL,
  `NgayDangKi` date NOT NULL,
  `idGroup` int(11) NOT NULL,
  `NgaySinh` varchar(255) CHARACTER SET utf8 NOT NULL,
  `GioiTinh` tinyint(1) NOT NULL,
  `Active` int(11) NOT NULL,
  `RandomKey` varchar(255) CHARACTER SET utf8 NOT NULL
) ENGINE=InnoDB DEFAULT CHARSET=latin1;

--
-- Dumping data for table `users`
--

INSERT INTO `users` (`idUser`, `HoTen`, `Username`, `Password`, `DiaChi`, `Email`, `DienThoai`, `NgayDangKi`, `idGroup`, `NgaySinh`, `GioiTinh`, `Active`, `RandomKey`) VALUES
(1, 'sonpham', 'son', '12345', 'Hue', 'son@gmail.com', '0123456789', '2017-08-09', 1, '23/11/1995', 1, 1, 'abc'),
(2, 'Customer', 'tum', '123456', 'Hue', 'tum@gmail.com', '1234567890', '2017-08-29', 2, '27/04/2013', 1, 2, '1');

--
-- Indexes for dumped tables
--

--
-- Indexes for table `loaitin`
--
ALTER TABLE `loaitin`
  ADD PRIMARY KEY (`idLT`),
  ADD KEY `idTL` (`idTL`);

--
-- Indexes for table `theloai`
--
ALTER TABLE `theloai`
  ADD PRIMARY KEY (`idTL`);

--
-- Indexes for table `tin`
--
ALTER TABLE `tin`
  ADD PRIMARY KEY (`id`),
  ADD KEY `idLT` (`idLT`),
  ADD KEY `tin_ibfk_1` (`idTL`),
  ADD KEY `idUser` (`idUser`);

--
-- Indexes for table `users`
--
ALTER TABLE `users`
  ADD PRIMARY KEY (`idUser`),
  ADD UNIQUE KEY `Username` (`Username`),
  ADD UNIQUE KEY `Email` (`Email`);

--
-- AUTO_INCREMENT for dumped tables
--

--
-- AUTO_INCREMENT for table `loaitin`
--
ALTER TABLE `loaitin`
  MODIFY `idLT` int(11) NOT NULL AUTO_INCREMENT, AUTO_INCREMENT=22;
--
-- AUTO_INCREMENT for table `theloai`
--
ALTER TABLE `theloai`
  MODIFY `idTL` int(11) NOT NULL AUTO_INCREMENT, AUTO_INCREMENT=37;
--
-- AUTO_INCREMENT for table `tin`
--
ALTER TABLE `tin`
  MODIFY `id` int(11) NOT NULL AUTO_INCREMENT, AUTO_INCREMENT=71;
--
-- AUTO_INCREMENT for table `users`
--
ALTER TABLE `users`
  MODIFY `idUser` int(11) NOT NULL AUTO_INCREMENT, AUTO_INCREMENT=3;
--
-- Constraints for dumped tables
--

--
-- Constraints for table `loaitin`
--
ALTER TABLE `loaitin`
  ADD CONSTRAINT `loaitin_ibfk_1` FOREIGN KEY (`idTL`) REFERENCES `theloai` (`idTL`);

--
-- Constraints for table `tin`
--
ALTER TABLE `tin`
  ADD CONSTRAINT `tin_ibfk_1` FOREIGN KEY (`idUser`) REFERENCES `users` (`idUser`);
COMMIT;

/*!40101 SET CHARACTER_SET_CLIENT=@OLD_CHARACTER_SET_CLIENT */;
/*!40101 SET CHARACTER_SET_RESULTS=@OLD_CHARACTER_SET_RESULTS */;
/*!40101 SET COLLATION_CONNECTION=@OLD_COLLATION_CONNECTION */;
